objectname,objectid,rating,numplays,weight,own,fortrade,want,wanttobuy,wanttoplay,prevowned,preordered,wishlist,wishlistpriority,wishlistcomment,comment,conditiontext,haspartslist,wantpartslist,collid,baverage,average,avgweight,rank,numowned,objecttype,originalname,minplayers,maxplayers,playingtime,maxplaytime,minplaytime,yearpublished,bggrecplayers,bggbestplayers,bggrecagerange,bgglanguagedependence,publisherid,imageid,year,language,other,itemtype,barcode,pricepaid,pp_currency,currvalue,cv_currency,acquisitiondate,acquiredfrom,quantity,privatecomment,invlocation,invdate,version_publishers,version_languages,version_yearpublished,version_nickname
"3 Ring Circus","371947","0","0","0","1","0","0","0","0","0","0","0","3","","","","","","111957296","6.39835","7.14552","2.76","1608","6749","thing","3 Ring Circus","1","4","75","75","45","2023","1,2,3,4","3","12+","No necessary in-game text","","","","","","standalone","","","","","","","","","","","","","","",""
"7 Wonders: Architects","346703","0","0","0","0","0","0","0","0","0","0","1","3","","","","","","111957683","6.76798","7.0316","1.3862","816","20680","thing","7 Wonders: Architects","2","7","25","25","25","2021","2,3,4,5,6,7","4","6+","No necessary in-game text","","","","","","standalone","","","","","","","","","","","","","","",""
"Alchemists","161970","0","0","0","0","0","0","0","0","0","0","1","3","","","","","","111957430","7.39334","7.63625","3.923","179","33844","thing","Alchemists","2","4","120","120","120","2014","2,3,4","4","12+","Moderate in-game text - needs crib sheet or paste ups","","","","","","standalone","","","","","","","","","","","","","","",""
"Anachrony","185343","0","0","0","0","0","0","0","0","0","0","1","3","","","","","","111957250","7.72772","8.03554","3.995","62","27688","thing","Anachrony","1","4","120","120","30","2017","1,2,3,4","3","14+","No necessary in-game text","","","","","","standalone","","","","","","","","","","","","","","",""
"Anomia","67877","0","0","0","0","0","0","0","0","0","0","1","3","","","","","","111959636","6.29751","6.69231","1.0465","1908","12109","thing","Anomia","3","6","30","30","30","2010","3,4,5,6","5","10+","Unplayable in another language","","","","","","standalone","","","","","","","","","","","","","","",""
"Aquatica","283393","0","0","0","0","0","0","1","0","0","0","0","3","","","","","","113513545","6.93873","7.35082","2.316","581","12845","thing","Aquatica","1","4","60","60","30","2019","2,3,4","3","10+","Moderate in-game text - needs crib sheet or paste ups","","","","","","standalone","","","","","","","","","","","","","","",""
"Arboretum","140934","0","0","0","0","0","0","0","0","0","0","1","3","","","","","","111957182","7.05689","7.24003","2.1133","442","43668","thing","Arboretum","2","4","30","30","30","2015","2,3,4","2","10+","No necessary in-game text","","","","","","standalone","","","","","","","","","","","","","","",""
"Arboretum","140934","0","0","0","0","0","0","0","0","0","0","1","3","","","","","","111959595","7.05689","7.24003","2.1133","442","43668","thing","Arboretum","2","4","30","30","30","2015","2,3,4","2","10+","No necessary in-game text","","","","","","standalone","","","","","","","","","","","","","","",""
"Archipelago","105551","0","0","0","0","0","0","0","1","0","0","0","3","","","","","","110466429","6.83486","7.25853","3.7425","721","11152","thing","Archipelago","2","5","240","240","30","2012","2,3,4,5","4","14+","Moderate in-game text - needs crib sheet or paste ups","","","","","","standalone","","","","","","","","","","","","","","",""
"Ark Nova","342942","0","0","0","0","0","0","0","0","0","0","1","3","","","","","","111957271","8.35422","8.53808","3.7986","2","91784","thing","Ark Nova","1","4","150","150","90","2021","1,2,3","2","14+","Extensive use of text - massive conversion needed to be playable","","","","","","standalone","","","","","","","","","","","","","","",""
"Barcelona","383607","0","0","0","0","0","0","0","0","0","0","1","3","","","","","","111957259","6.95533","7.71169","3.364","560","8152","thing","Barcelona","1","4","90","90","60","2023","1,2,3,4","3","12+","No necessary in-game text","","","","","","standalone","","","","","","","","","","","","","","",""
"Beer & Bread","369880","0","0","0","0","0","0","0","0","0","0","1","3","","","","","","111957644","6.8204","7.29333","2.3565","739","14874","thing","Beer & Bread","2","2","45","45","30","2022","2","2","10+","Moderate in-game text - needs crib sheet or paste ups","","","","","","standalone","","","","","","","","","","","","","","",""
"Beyond the Sun","317985","0","0","0","0","0","0","0","0","0","0","1","3","","","","","","111957163","7.5569","7.85952","3.1536","114","20353","thing","Beyond the Sun","2","4","120","120","60","2020","2,3,4","3","12+","Moderate in-game text - needs crib sheet or paste ups","","","","","","standalone","","","","","","","","","","","","","","",""
"Bohnanza","11","9","0","0","1","0","0","0","0","0","0","0","3","","a favourite quickie","","","","686655","6.96418","7.08322","1.6657","545","84512","thing","Bohnanza","3","7","45","45","45","1997","3,4,5,6,7","4,5","8+","No necessary in-game text","","","","","","standalone","","","","","","","","","","","","","","",""
"Books of Time","372631","0","0","0","0","0","0","0","0","0","0","1","3","","","","","","111957349","6.09847","7.057","2.6232","2685","3709","thing","Books of Time","1","4","60","60","45","2023","1,2,3","2","10+","No necessary in-game text","","","","","","standalone","","","","","","","","","","","","","","",""
"Books of Time","372631","0","0","0","0","0","0","0","0","0","0","0","3","","","","","","111957384","6.09847","7.057","2.6232","2685","3709","thing","Books of Time","1","4","60","60","45","2023","1,2,3","2","10+","No necessary in-game text","","","","","","standalone","","","","","","","","","","","","","","",""
"Burgle Bros.","172081","0","0","0","0","0","0","0","0","0","0","1","3","","","","","","111957321","7.0684","7.39789","2.3167","428","19844","thing","Burgle Bros.","1","4","90","90","45","2015","1,2,3,4","3","10+","Moderate in-game text - needs crib sheet or paste ups","","","","","","standalone","","","","","","","","","","","","","","",""
"Caper","232824","0","0","0","0","0","0","0","0","0","0","1","3","","","","","","111957584","6.03053","6.98458","2.2059","3054","3076","thing","Caper","2","4","45","45","30","2018","2","2","8+","No necessary in-game text","","","","","","standalone","","","","","","","","","","","","","","",""
"Caper: Europe","328565","0","0","0","0","0","0","0","0","0","0","1","3","","","","","","111957580","6.98827","7.60068","2.1127","522","11673","thing","Caper: Europe","2","2","35","35","25","2022","2","2","10+","Some necessary text - easily memorized or small crib sheet","","","","","","standalone","","","","","","","","","","","","","","",""
"Carcassonne","822","7","0","0","1","0","0","0","0","0","0","0","3","","a good fun quick-ish game - i think the farmers are a little to powerful but i believe that hunters and gatherers has addressed this though i havent played it yet","","","","686662","7.29907","7.41665","1.8837","240","227036","thing","Carcassonne","2","5","45","45","30","2000","2,3,4,5","2","8+","No necessary in-game text","","","","","","standalone","","","","","","","","","","","","","","",""
"Carcassonne: Hunters and Gatherers","4390","0","0","0","1","0","0","0","0","0","0","0","3","","","","","","686663","6.84739","7.13099","1.9223","697","19607","thing","Carcassonne: Hunters and Gatherers","2","5","40","40","35","2002","2,3,4,5","2,3","8+","No necessary in-game text","","","","","","standalone","","","","","","","","","","","","","","",""
"Carnegie","310873","0","0","0","0","0","0","0","0","0","0","1","4","","","","","","111957274","7.51761","7.94768","3.8222","129","17116","thing","Carnegie","1","4","120","120","90","2022","1,2,3,4","4","14+","No necessary in-game text","","","","","","standalone","","","","","","","","","","","","","","",""
"Carolus Magnus","481","9.5","0","0","1","0","0","0","0","0","0","0","3","","3 player is definately the way to play this, i really like the way the number choosing works - similar to el caballero but it also affects the number choosing for the next round making the game completly circular and forcing some of the most agonizing decisions ive ever had to make!
2 and 4 player games are good but nowhere near as tense as the 3 player game","","","","686664","6.30756","6.83333","2.5802","1875","4361","thing","Carolus Magnus","2","4","60","60","60","2000","2,3,4","3","10+","No necessary in-game text","","","","","","standalone","","","","","","","","","","","","","","",""
"Castle Panic","43443","0","0","0","0","0","0","0","0","0","0","1","3","","","","","","111957480","6.46314","6.65545","1.6565","1430","31330","thing","Castle Panic","1","6","60","60","30","2009","1,2,3,4,5,6","4","6+","Some necessary text - easily memorized or small crib sheet","","","","","","standalone","","","","","","","","","","","","","","",""
"Cerebria: The Inside World","218479","0","0","0","0","0","0","0","0","0","0","1","3","","","","","","108458154","6.64118","7.68325","4.3249","1030","5831","thing","Cerebria: The Inside World","1","4","120","120","60","2018","1,2,3,4","2,4","16+","Some necessary text - easily memorized or small crib sheet","","","","","","standalone","","","","","","","","","","","","","","",""
"Clank! In! Space!: A Deck-Building Adventure","233371","0","0","0","0","0","0","0","0","0","0","1","2","","","","","","111957239","7.42282","7.75413","2.5814","165","23662","thing","Clank! In! Space!: A Deck-Building Adventure","2","4","90","90","45","2017","2,3,4","3","10+","Moderate in-game text - needs crib sheet or paste ups","","","","","","standalone","","","","","","","","","","","","","","",""
"Clans of Caledonia","216132","0","0","0","0","0","0","0","0","0","0","1","3","","","","","","112070556","7.6754","7.94156","3.4662","78","25185","thing","Clans of Caledonia","1","4","120","120","30","2017","1,2,3,4","4","12+","No necessary in-game text","","","","","","standalone","","","","","","","","","","","","","","",""
"Cosmic Frog","295905","0","0","0","0","0","0","0","0","0","0","1","2","","","","","","111957235","6.27712","7.19648","2.9718","1974","4056","thing","Cosmic Frog","2","6","90","90","45","2020","3,4,5,6","4,5","12+","Moderate in-game text - needs crib sheet or paste ups","","","","","","standalone","","","","","","","","","","","","","","",""
"Crash Octopus","319579","0","0","0","0","0","0","0","0","0","0","1","3","","","","","","111957309","6.00687","6.89511","1.3667","3166","2777","thing","Crash Octopus","1","5","30","30","20","2021","3,4,5","4","6+","No necessary in-game text","","","","","","standalone","","","","","","","","","","","","","","",""
"Ctrl","304679","0","0","0","0","0","0","0","0","0","0","1","3","","","","","","111959367","5.52406","5.68447","1.6154","18454","1606","thing","Ctrl","2","4","20","20","20","2020","2,3,4","2","5+","No necessary in-game text","","","","","","standalone","","","","","","","","","","","","","","",""
"Darwin's Journey","322289","0","0","0","0","0","0","0","0","0","0","1","3","","","","","","111959683","7.63364","8.08725","3.904","90","17510","thing","Darwin's Journey","1","4","120","120","60","2023","1,2,3,4","3","14+","No necessary in-game text","","","","","","standalone","","","","","","","","","","","","","","",""
"Deal with the Devil","367379","0","0","0","0","0","0","0","0","0","0","0","3","","","","","","111957170","6.0482","7.04959","3.7241","2961","3233","thing","Deal with the Devil","4","4","150","150","120","2022","4","4","12+","Moderate in-game text - needs crib sheet or paste ups","","","","","","standalone","","","","","","","","","","","","","","",""
"Deal with the Devil","367379","0","0","0","0","0","0","0","0","0","0","1","3","","","","","","111957268","6.0482","7.04959","3.7241","2961","3233","thing","Deal with the Devil","4","4","150","150","120","2022","4","4","12+","Moderate in-game text - needs crib sheet or paste ups","","","","","","standalone","","","","","","","","","","","","","","",""
"Décorum","344554","0","0","0","0","0","0","0","0","0","0","1","3","","","","","","111957493","6.48806","7.35188","2","1376","5274","thing","Décorum","2","4","45","45","30","2022","2,3,4","2","14+","Moderate in-game text - needs crib sheet or paste ups","","","","","","standalone","","","","","","","","","","","","","","",""
"Durian","307963","0","0","0","0","0","0","0","0","0","0","1","3","","","","","","111959599","6.11108","6.88324","1.119","2633","3699","thing","Durian","2","7","20","20","20","2020","4,5,6,7","5,6,7","8+","No necessary in-game text","","","","","","standalone","","","","","","","","","","","","","","",""
"Earth","350184","0","0","0","0","0","0","0","0","0","0","1","3","","","","","","111957225","7.35283","7.61185","2.9152","212","36010","thing","Earth","1","5","90","90","45","2023","1,2,3,4","2,3","12+","Moderate in-game text - needs crib sheet or paste ups","","","","","","standalone","","","","","","","","","","","","","","",""
"Evergreen","363307","0","0","0","0","0","0","0","0","0","0","1","3","","","","","","114644874","6.74908","7.45015","2.1339","841","7403","thing","Evergreen","1","4","45","45","45","2022","1,2,3,4","2","10+","No necessary in-game text","","","","","","standalone","","","","","","","","","","","","","","",""
"Fafnir","294233","0","0","0","0","0","0","0","0","0","0","1","3","","","","","","111959607","5.62711","6.27767","1.6364","8317","1315","thing","Fafnir","2","4","20","20","20","2019","2,3,4","4","8+","No necessary in-game text","","","","","","standalone","","","","","","","","","","","","","","",""
"A Fake Artist Goes to New York","135779","0","0","0","0","0","0","0","0","0","0","1","3","","","","","","111959542","6.79448","7.10093","1.0947","769","21211","thing","A Fake Artist Goes to New York","5","10","20","20","20","2011","5,6,7,8,9,10","6,7","8+","No necessary in-game text","","","","","","standalone","","","","","","","","","","","","","","",""
"Fit to Print","352574","0","0","0","0","0","0","0","0","0","0","1","3","","","","","","111957533","6.6312","7.29803","2.1209","1053","10098","thing","Fit to Print","1","6","30","30","15","2023","1,2,3,4,5,6","4","10+","Some necessary text - easily memorized or small crib sheet","","","","","","standalone","","","","","","","","","","","","","","",""
"Flamecraft","336986","0","0","0","0","0","0","0","0","0","0","1","3","","","","","","111957539","7.0855","7.36239","2.1875","409","47332","thing","Flamecraft","1","5","60","60","60","2022","1,2,3,4,5","3","8+","Moderate in-game text - needs crib sheet or paste ups","","","","","","standalone","","","","","","","","","","","","","","",""
"Food Chain Magnate","175914","0","0","0","0","0","0","0","0","0","0","1","3","","","","","","111957216","7.77311","8.03437","4.183","51","28776","thing","Food Chain Magnate","2","5","240","240","120","2015","2,3,4,5","3,4","14+","Some necessary text - easily memorized or small crib sheet","","","","","","standalone","","","","","","","","","","","","","","",""
"Fruit Fight","339214","0","0","0","0","0","0","0","0","0","0","1","3","","","","","","112959216","6.33992","7.06381","1.023","1757","6663","thing","Fruit Fight","2","5","20","20","20","2021","2,3,4,5","4","6+","No necessary in-game text","","","","","","standalone","","","","","","","","","","","","","","",""
"Furnace: Interbellum","363077","0","0","0","0","0","0","0","0","0","0","1","3","","","","","","111959349","5.97954","7.66388","2.7895","0","4233","thing","Furnace: Interbellum","1","5","60","60","30","2022","1,2,3,4,5","3,4","14+","Moderate in-game text - needs crib sheet or paste ups","","","","","","expansion","","","","","","","","","","","","","","",""
"The Game","173090","0","0","0","0","0","0","0","0","0","0","1","3","","","","","","111959623","6.49968","6.71205","1.2379","1346","26103","thing","The Game","1","5","20","20","20","2015","1,2,3,4,5","3","8+","No necessary in-game text","","","","","","standalone","","","","","","","","","","","","","","",""
"Genoa","1345","0","0","0","0","0","0","0","0","0","0","0","3","","","","","","17512675","6.58251","7.03651","3.0752","1148","8188","thing","Genoa","2","5","120","120","60","2001","3,4,5","5","12+","Some necessary text - easily memorized or small crib sheet","","","","","","standalone","","","","","","","","","","","","","","",""
"Genoa","1345","0","0","0","1","0","0","0","0","0","0","0","3","","","","","","17512678","6.58251","7.03651","3.0752","1148","8188","thing","Genoa","2","5","120","120","60","2001","3,4,5","5","12+","Some necessary text - easily memorized or small crib sheet","","","","","","standalone","","","","","","","","","","","","","","",""
"Goblin Vaults","334652","0","0","0","0","0","0","0","0","0","0","1","3","","","","","","114586166","5.81907","7.14004","2.2","4641","1638","thing","Goblin Vaults","1","5","45","45","30","2023","1,2,3,4,5","4","14+","Some necessary text - easily memorized or small crib sheet","","","","","","standalone","","","","","","","","","","","","","","",""
"Grand Austria Hotel","182874","0","0","0","0","0","0","0","0","0","0","1","3","","","","","","112564145","7.71533","7.96294","3.1924","69","33411","thing","Grand Austria Hotel","2","4","120","120","60","2015","2,3","2","12+","No necessary in-game text","","","","","","standalone","","","","","","","","","","","","","","",""
"Hegemony: Lead Your Class to Victory","321608","0","0","0","0","0","0","0","0","0","0","1","3","","","","","","111957202","7.82695","8.35384","4.2569","41","19749","thing","Hegemony: Lead Your Class to Victory","2","4","180","180","90","2023","2,3,4","4","16+","Extensive use of text - massive conversion needed to be playable","","","","","","standalone","","","","","","","","","","","","","","",""
"Iberian Gauge","228372","0","0","0","0","0","0","0","0","0","0","1","3","","","","","","111957601","6.29094","7.25135","2.5","1935","3677","thing","Iberian Gauge","3","5","90","90","60","2017","4,5","5","12+","No necessary in-game text","","","","","","standalone","","","","","","","","","","","","","","",""
"Imperial Miners","378758","0","0","0","0","0","0","0","0","0","0","1","3","","","","","","111957654","6.16824","7.06638","2.0323","2373","3862","thing","Imperial Miners","1","5","60","60","20","2023","1,2,3,4,5","1,2","10+","Moderate in-game text - needs crib sheet or paste ups","","","","","","standalone","","","","","","","","","","","","","","",""
"Imperial Settlers","154203","0","0","0","0","0","0","0","0","0","0","1","3","","","","","","111957504","7.08762","7.2816","2.7739","408","34529","thing","Imperial Settlers","1","4","90","90","45","2014","1,2,3,4","2","10+","Moderate in-game text - needs crib sheet or paste ups","","","","","","standalone","","","","","","","","","","","","","","",""
"An Infamous Traffic","206490","0","0","0","0","0","0","0","0","0","0","1","3","","","","","","108486748","5.94595","7.26292","3.5405","3556","1102","thing","An Infamous Traffic","2","5","90","90","45","2016","3,4","4","14+","No necessary in-game text","","","","","","standalone","","","","","","","","","","","","","","",""
"Innovation","63888","0","0","0","0","0","0","0","0","0","0","1","3","","","","","","111959589","7.11564","7.32769","2.7839","382","27849","thing","Innovation","2","5","60","60","20","2010","2,3","2","12+","Extensive use of text - massive conversion needed to be playable","","","","","","standalone","","","","","","","","","","","","","","",""
"Insider Black","307997","0","0","0","0","0","0","0","0","0","0","1","3","","","","","","111959579","5.77935","7.20339","1.1429","5094","1649","thing","Insider Black","4","8","15","15","10","2020","4,5,6,7,8","6,7,8","","","","","","","","standalone","","","","","","","","","","","","","","",""
"Junk Art","193042","0","0","0","0","0","0","0","0","0","0","1","3","","","","","","111959617","6.90196","7.34408","1.193","625","12235","thing","Junk Art","2","6","30","30","30","2016","2,3,4,5,6","4,5","6+","No necessary in-game text","","","","","","standalone","","","","","","","","","","","","","","",""
"Lords of Waterdeep","110327","0","0","0","0","0","0","0","0","0","0","1","3","","","","","","111957312","7.57949","7.72868","2.448","108","75289","thing","Lords of Waterdeep","2","5","120","120","60","2012","2,3,4,5","3,4","10+","Moderate in-game text - needs crib sheet or paste ups","","","","","","standalone","","","","","","","","","","","","","","",""
"Lost Ruins of Arnak","312484","0","0","0","0","0","0","0","0","0","0","1","3","","","","","","111957266","7.91846","8.08462","2.9341","30","89249","thing","Lost Ruins of Arnak","1","4","120","120","30","2020","1,2,3,4","3","10+","Moderate in-game text - needs crib sheet or paste ups","","","","","","standalone","","","","","","","","","","","","","","",""
"Machi Koro: The Harbor & Millionaire's Row Expansions","280191","0","0","0","0","0","0","0","0","0","0","1","3","","","","","","111959344","5.72026","7.18662","1.6667","0","1774","thing","Machi Koro: The Harbor & Millionaire's Row Expansions","2","5","30","30","30","2019","2,3,4,5","4,5","","","","","","","","expansion","","","","","","","","","","","","","","",""
"Mamoonia","7573","1","0","0","1","0","0","0","0","0","0","0","3","","this is *the* worst game ive ever had the misfortune of playing - after 3 hours spent trying to decipher the appalling rules (the updated ones werent really any better), staring at the abysmal artwork and trying to make sense of the ridiculous grammar and spelling (health is spelt as healht everywhere, throughout the rules and even on the cards)
We eventually gave up on this overcomplicated game (which at teh end of the day turns out to basically be a variation on cluedo) and i am planning on burning my copy to try and forget that painful evening.

If i could rate it negatively i would it really is that bad, how it has such a good rating is beyond me.

AVOID AT ALL COSTS","","","","1371723","5.48831","4.53333","2.5","28759","81","thing","Mamoonia","1","6","180","180","180","2003","","","","","","","","","","standalone","","","","","","","","","","","","","","",""
"Maskmen","159581","0","0","0","0","0","0","0","0","0","0","1","3","","","","","","111959554","6.23234","6.94595","1.7778","2135","5304","thing","Maskmen","2","6","20","20","20","2014","3,4,5","4","10+","No necessary in-game text","","","","","","standalone","","","","","","","","","","","","","","",""
"Meridian","1416","8","0","0","1","0","0","0","0","0","0","0","3","","only played once but its another really deep thought one from leo colovini - not as strategic as carolus magnus as your cards to large extent constrain what you can do but it still manages to be a very strategic game.","","","","686658","5.57968","6.01738","2.525","10740","797","thing","Meridian","2","4","30","30","30","2001","2,3,4","2","","No necessary in-game text","","","","","","standalone","","","","","","","","","","","","","","",""
"Mille Fiori","346501","0","0","0","0","0","0","0","0","0","0","1","3","","","","","","112959225","6.85443","7.41707","2.1835","681","10097","thing","Mille Fiori","2","4","90","90","60","2021","3,4","4","8+","No necessary in-game text","","","","","","standalone","","","","","","","","","","","","","","",""
"Moonrakers","270239","0","0","0","0","0","0","0","0","0","0","1","3","","","","","","111957220","6.77698","7.67637","2.4737","799","6779","thing","Moonrakers","1","5","120","120","60","2020","3,4,5","4","12+","Moderate in-game text - needs crib sheet or paste ups","","","","","","standalone","","","","","","","","","","","","","","",""
"Nine Tiles Panic","279869","0","0","0","0","0","0","0","0","0","0","1","3","","","","","","111959390","6.15755","6.88702","1.3333","2418","4309","thing","Nine Tiles Panic","2","5","20","20","20","2019","2,3,4,5","4,5","6+","Some necessary text - easily memorized or small crib sheet","","","","","","standalone","","","","","","","","","","","","","","",""
"Noggin","365235","0","0","0","0","0","0","0","0","0","0","1","3","","","","","","111959613","5.55546","6.29024","1","12801","564","thing","Noggin","3","99","10","10","10","2022","2,3,4,5,6,7,8,9,10,11,12,13,14,15,16,17,18,19,20","2,3","","","","","","","","standalone","","","","","","","","","","","","","","",""
"The Number","307450","0","0","0","0","0","0","0","0","0","0","1","3","","","","","","111959629","5.66598","6.01516","1.1176","7154","2098","thing","The Number","2","5","20","20","15","2020","3,4,5","4","8+","No necessary in-game text","","","","","","standalone","","","","","","","","","","","","","","",""
"Orléans","164928","0","0","0","0","0","0","0","0","0","0","1","3","","","","","","111957475","7.85848","8.04643","3.0106","35","43727","thing","Orléans","2","5","90","90","90","2014","2,3,4","4","12+","No necessary in-game text","","","","","","standalone","","","","","","","","","","","","","","",""
"Paladins of the West Kingdom","266810","0","0","0","0","0","0","0","0","0","0","1","3","","","","","","111957307","7.65668","7.95162","3.7039","82","33662","thing","Paladins of the West Kingdom","1","4","120","120","90","2019","1,2,3","2","14+","Some necessary text - easily memorized or small crib sheet","","","","","","standalone","","","","","","","","","","","","","","",""
"Paperback","141572","0","0","0","0","0","0","0","0","0","0","1","3","","","","","","111957329","6.80171","7.08833","2.0065","760","17763","thing","Paperback","2","5","45","45","45","2014","2,3,4","2","10+","Unplayable in another language","","","","","","standalone","","","","","","","","","","","","","","",""
"Pipeline","256730","0","0","0","0","0","0","0","0","0","0","1","3","","","","","","111957247","6.91894","7.53532","3.9055","608","8128","thing","Pipeline","2","4","120","120","60","2019","2,3,4","3","14+","Moderate in-game text - needs crib sheet or paste ups","","","","","","standalone","","","","","","","","","","","","","","",""
"Pit","140","0","0","0","0","0","0","0","0","0","0","1","3","","","","","","111959645","6.19742","6.41129","1.1512","2264","20106","thing","Pit","3","8","90","90","30","1903","4,5,6,7,8","6,7,8","8+","No necessary in-game text","","","","","","standalone","","","","","","","","","","","","","","",""
"Potion Explosion","180974","0","0","0","0","0","0","0","0","0","0","1","3","","","","","","111957285","6.92457","7.12176","1.7768","603","34331","thing","Potion Explosion","2","4","45","45","30","2015","2,3,4","3","8+","No necessary in-game text","","","","","","standalone","","","","","","","","","","","","","","",""
"Praga Caput Regni","308765","0","0","0","0","0","0","0","0","0","0","1","3","","","","","","111957338","7.36795","7.82633","3.7262","197","16745","thing","Praga Caput Regni","1","4","150","150","45","2020","1,2,3,4","3","12+","No necessary in-game text","","","","","","standalone","","","","","","","","","","","","","","",""
"Prey Another Day","234260","0","0","0","0","0","0","0","0","0","0","0","3","","","","","","111959651","6.22076","6.83257","1.0989","2182","5365","thing","Prey Another Day","2","5","20","20","15","2023","3,4,5","4,5","6+","No necessary in-game text","","","","","","standalone","","","","","","","","","","","","","","",""
"Pueblo","3228","9","0","0","1","0","0","0","0","0","0","0","3","","excellent game, very different than your usual game, mind bending spatial strategy!","","","","686656","6.38232","6.98165","2.2259","1652","4658","thing","Pueblo","2","4","60","60","60","2002","2,3,4","3,4","10+","No necessary in-game text","","","","","","standalone","","","","","","","","","","","","","","",""
"Puerto Rico","3076","9","0","0","0","0","0","0","0","0","0","0","3","","","","","","686657","7.74941","7.89667","3.2658","57","85429","thing","Puerto Rico","3","5","150","150","90","2002","2,3,4,5","4","12+","Moderate in-game text - needs crib sheet or paste ups","","","","","","standalone","","","","","","","","","","","","","","",""
"The Quacks of Quedlinburg: The Alchemists","316597","0","0","0","0","0","0","0","0","0","0","1","3","","","","","","111959507","6.72874","7.85683","2.3023","0","15247","thing","The Quacks of Quedlinburg: The Alchemists","2","5","45","45","45","2020","2,3,4,5","3,4,5","10+","Moderate in-game text - needs crib sheet or paste ups","","","","","","expansion","","","","","","","","","","","","","","",""
"The Quacks of Quedlinburg: The Herb Witches","269259","0","0","0","0","0","0","0","0","0","0","1","3","","","","","","111959501","7.35844","7.99588","2.01","0","29606","thing","The Quacks of Quedlinburg: The Herb Witches","2","5","45","45","45","2019","2,3,4,5","3,4,5","8+","Moderate in-game text - needs crib sheet or paste ups","","","","","","expansion","","","","","","","","","","","","","","",""
"Ra","12","0","0","0","0","0","0","0","0","0","0","1","3","","","","","","111957292","7.56037","7.72115","2.3036","112","41284","thing","Ra","2","5","60","60","45","1999","3,4,5","3,4","10+","No necessary in-game text","","","","","","standalone","","","","","","","","","","","","","","",""
"Revive","332772","0","0","0","0","0","0","0","0","0","0","1","3","","","","","","112090378","7.61873","8.04533","3.4615","92","18718","thing","Revive","1","4","120","120","90","2022","1,2,3,4","3","14+","Some necessary text - easily memorized or small crib sheet","","","","","","standalone","","","","","","","","","","","","","","",""
"Sail","377470","0","0","0","0","0","0","0","0","0","0","1","3","","","","","","112126157","6.68404","7.25107","2.21","944","13247","thing","Sail","2","2","20","20","20","2023","2","2","10+","Some necessary text - easily memorized or small crib sheet","","","","","","standalone","","","","","","","","","","","","","","",""
"Samurai Sword: Rising Sun","156042","0","0","0","0","0","0","0","0","0","0","1","3","","","","","","111959477","5.81805","7.38289","1.8947","0","1980","thing","Samurai Sword: Rising Sun","3","8","40","40","20","2014","4,5,6,7,8","5,7","10+","Some necessary text - easily memorized or small crib sheet","","","","","","expansion","","","","","","","","","","","","","","",""
"Septima","360692","0","0","0","0","0","0","0","0","0","0","1","3","","","","","","112564197","6.55596","7.33407","3.6575","1207","9069","thing","Septima","1","4","100","100","50","2023","1,2,3,4","3","14+","Moderate in-game text - needs crib sheet or paste ups","","","","","","standalone","","","","","","","","","","","","","","",""
"Sheriff of Nottingham","157969","0","0","0","0","0","0","0","0","0","0","1","3","","","","","","111957567","6.90266","7.04209","1.6581","624","57554","thing","Sheriff of Nottingham","3","5","60","60","60","2014","3,4,5","5","8+","Some necessary text - easily memorized or small crib sheet","","","","","","standalone","","","","","","","","","","","","","","",""
"Sheriff of Nottingham: 2nd Edition","298638","0","0","0","0","0","0","0","0","0","0","1","3","","","","","","111957559","6.52797","7.20131","1.7111","1279","11218","thing","Sheriff of Nottingham: 2nd Edition","3","6","60","60","60","2020","4,5,6","5","8+","No necessary in-game text","","","","","","standalone","","","","","","","","","","","","","","",""
"Sky Team","373106","0","0","0","0","0","0","0","0","0","0","1","3","","","","","","111959357","7.89142","8.11124","2.041","32","70987","thing","Sky Team","2","2","20","20","20","2023","2","2","10+","Some necessary text - easily memorized or small crib sheet","","","","","","standalone","","","","","","","","","","","","","","",""
"Skymines","359438","0","0","0","0","0","0","0","0","0","0","0","3","","","","","","111957155","6.95687","7.90661","3.8914","558","8229","thing","Skymines","1","4","150","150","75","2022","1,2,3,4","4","14+","No necessary in-game text","","","","","","standalone","","","","","","","","","","","","","","",""
"Skymines","359438","0","0","0","0","0","0","0","0","0","0","1","3","","","","","","111957300","6.95687","7.90661","3.8914","558","8229","thing","Skymines","1","4","150","150","75","2022","1,2,3,4","4","14+","No necessary in-game text","","","","","","standalone","","","","","","","","","","","","","","",""
"So Clover!","329839","0","0","0","0","0","0","0","0","0","0","1","3","","","","","","111959516","7.25046","7.58973","1.1215","264","21437","thing","So Clover!","3","6","30","30","30","2021","2,3,4,5,6","3,4","10+","Unplayable in another language","","","","","","standalone","","","","","","","","","","","","","","",""
"Soul Raiders","274525","0","0","0","0","0","0","0","0","0","0","1","3","","","","","","112126109","5.62414","7.35542","2.8571","8441","794","thing","Soul Raiders","1","4","240","240","120","2025","1,2","1","10+","Moderate in-game text - needs crib sheet or paste ups","","","","","","standalone","","","","","","","","","","","","","","",""
"Space Base","242302","0","0","0","0","0","0","1","0","0","0","0","3","","","","","","110071267","7.32465","7.54034","2.1363","229","33017","thing","Space Base","2","5","60","60","60","2018","2,3,4,5","3,4","10+","Some necessary text - easily memorized or small crib sheet","","","","","","standalone","","","","","","","","","","","","","","",""
"Spots","372559","0","0","0","0","0","0","0","0","0","0","1","3","","","","","","111959373","6.72372","7.12615","1.2642","879","14701","thing","Spots","1","4","30","30","25","2022","2,3,4","2,3","6+","Moderate in-game text - needs crib sheet or paste ups","","","","","","standalone","","","","","","","","","","","","","","",""
"Startups","223770","0","0","0","0","0","0","0","0","0","0","1","3","","","","","","111959564","6.71915","7.1773","1.5725","886","13134","thing","Startups","3","7","20","20","20","2017","3,4,5","4","10+","No necessary in-game text","","","","","","standalone","","","","","","","","","","","","","","",""
"Sushi Go Party!","192291","0","0","0","0","0","0","0","0","0","0","1","3","","","","","","111959378","7.21551","7.36943","1.3276","289","76801","thing","Sushi Go Party!","2","8","20","20","20","2016","3,4,5,6,7,8","4,5","8+","Some necessary text - easily memorized or small crib sheet","","","","","","standalone","","","","","","","","","","","","","","",""
"Tapestry","286096","0","0","0","0","0","0","0","0","0","0","1","3","","","","","","111957207","7.20347","7.43417","2.9755","305","31330","thing","Tapestry","1","5","120","120","90","2019","1,2,3,4","3","12+","Moderate in-game text - needs crib sheet or paste ups","","","","","","standalone","","","","","","","","","","","","","","",""
"The Taverns of Tiefenthal: Open Doors","328290","0","0","0","0","0","0","0","0","0","0","1","3","","","","","","111959549","6.31477","8.04361","2.9444","0","6468","thing","The Taverns of Tiefenthal: Open Doors","2","4","60","60","60","2021","2,3,4","3","10+","Some necessary text - easily memorized or small crib sheet","","","","","","expansion","","","","","","","","","","","","","","",""
"Tenpenny Parks","294702","0","0","0","0","0","0","0","0","0","0","1","3","","","","","","111957287","6.31477","7.42016","2.1923","1848","3473","thing","Tenpenny Parks","1","4","75","75","45","2022","1,2,3,4","3","10+","Some necessary text - easily memorized or small crib sheet","","","","","","standalone","","","","","","","","","","","","","","",""
"That's Pretty Clever!","244522","0","0","0","0","0","0","0","0","0","0","1","3","","","","","","111959532","7.35852","7.54659","1.852","203","47763","thing","That's Pretty Clever!","1","4","30","30","30","2018","1,2,3,4","2","8+","No necessary in-game text","","","","","","standalone","","","","","","","","","","","","","","",""
"Tiletum","351913","0","0","0","0","0","0","0","0","0","0","1","3","","","","","","112564111","7.22942","7.85276","3.3879","280","10908","thing","Tiletum","1","4","100","100","60","2022","1,2,3","2,3","14+","No necessary in-game text","","","","","","standalone","","","","","","","","","","","","","","",""
"Tokyo Highway","261901","0","0","0","0","0","0","0","0","0","0","1","3","","","","","","111957632","6.1311","6.79856","1.449","0","4837","thing","Tokyo Highway","2","4","30","30","30","2018","2,3,4","4","8+","No necessary in-game text","","","","","","standalone","","","","","","","","","","","","","","",""
"Trickerion: Legends of Illusion","163068","0","0","0","0","0","0","0","0","0","0","1","3","","","","","","111957232","7.53722","7.96591","4.2665","124","17901","thing","Trickerion: Legends of Illusion","2","4","180","180","60","2015","2,3,4","4","14+","Moderate in-game text - needs crib sheet or paste ups","","","","","","standalone","","","","","","","","","","","","","","",""
"Turing Machine","356123","0","0","0","0","0","0","0","0","0","0","1","3","","","","","","111957434","7.17821","7.59561","2.5314","326","20352","thing","Turing Machine","1","4","20","20","20","2022","1,2,3,4","1","12+","Some necessary text - easily memorized or small crib sheet","","","","","","standalone","","","","","","","","","","","","","","",""
"Tzolk'in: The Mayan Calendar","126163","0","0","0","0","0","0","0","0","0","0","1","3","","","","","","111957449","7.67886","7.84218","3.6627","77","50907","thing","Tzolk'in: The Mayan Calendar","2","4","90","90","90","2012","2,3,4","4","12+","No necessary in-game text","","","","","","standalone","","","","","","","","","","","","","","",""
"Village Rails","358085","0","0","0","0","0","0","0","0","0","0","1","3","","","","","","111959632","6.24264","7.21243","2.1556","2085","3531","thing","Village Rails","2","4","45","45","45","2022","2,3,4","3","10+","Some necessary text - easily memorized or small crib sheet","","","","","","standalone","","","","","","","","","","","","","","",""
"Wandering Towers","355483","0","0","0","0","0","0","0","0","0","0","1","3","","","","","","111957466","6.83907","7.32247","1.5946","714","13479","thing","Wandering Towers","1","6","30","30","30","2022","3,4,5,6","4,5","6+","No necessary in-game text","","","","","","standalone","","","","","","","","","","","","","","",""
"Watergate","274364","0","0","0","0","0","0","0","0","0","0","1","3","","","","","","111959304","7.37466","7.70341","2.298","190","25492","thing","Watergate","2","2","60","60","30","2019","2","2","12+","Extensive use of text - massive conversion needed to be playable","","","","","","standalone","","","","","","","","","","","","","","",""
"Wavelength","262543","0","0","0","0","0","0","0","0","0","0","1","3","","","","","","111957690","6.97042","7.18623","1.1047","541","34395","thing","Wavelength","2","12","45","45","30","2019","4,5,6,7,8,9,10,11,12","6,8","10+","Moderate in-game text - needs crib sheet or paste ups","","","","","","standalone","","","","","","","","","","","","","","",""
"Wayfarers of the South Tigris","350316","0","0","0","0","0","0","0","0","0","0","1","3","","","","","","111957335","7.15625","7.76376","3.8071","347","13835","thing","Wayfarers of the South Tigris","1","4","90","90","60","2022","1,2,3","2","14+","No necessary in-game text","","","","","","standalone","","","","","","","","","","","","","","",""
"The White Castle","371942","0","0","0","0","0","0","0","0","0","0","1","3","","","","","","111957672","7.69622","7.97712","3.072","72","42356","thing","The White Castle","1","4","80","80","80","2023","1,2,3,4","3","12+","No necessary in-game text","","","","","","standalone","","","","","","","","","","","","","","",""
"Yokai Septet","251433","0","0","0","0","0","0","0","0","0","0","1","3","","","","","","111959571","6.29084","7.4355","1.8462","1936","3341","thing","Yokai Septet","2","4","45","45","30","2018","2,3,4","4","8+","No necessary in-game text","","","","","","standalone","","","","","","","","","","","","","","",""
